subject_code;subject_name;subject_acronym
2223_INGE_EI_OD_AERONAUTIQUE_UE7393_DYGAZA;Dynamique des gaz;DYGAZA
2223_INGE_EI_OD_AERONAUTIQUE_UE7393_DYVOL;Dynamique du vol;DYVOL
2223_INGE_EI_OD_AERONAUTIQUE_UE7393_ISN;Introduction à la simulation numérique;ISN
2223_INGE_EI_OD_AERONAUTIQUE_UE7393_STAV;Modélisation de la structure des avions;STAV
2223_INGE_EI_OD_AERONAUTIQUE_UE7494_AEFP;Aérodynamique en fluide parfait;AEFP
2223_INGE_EI_OD_AERONAUTIQUE_UE7494_CAE;Conception des aéronefs;CAE
2223_INGE_EI_OD_AERONAUTIQUE_UE7494_MTURB;Modélisation de la turbulence;MTURB
2223_INGE_EI_OD_AERONAUTIQUE_UE7494_PROAE;Systèmes propulsifs en aéronautique;PROAE
2223_INGE_EI_OD_BIOSTIC_UE7393_BIOCEL;Biologie cellulaire;BIOCEL
2223_INGE_EI_OD_BIOSTIC_UE7393_INFAVA;Informatique avancée;INFAVA
2223_INGE_EI_OD_BIOSTIC_UE7393_SIMCHI;Simulation chirurgicale;SIMCHI
2223_INGE_EI_OD_BIOSTIC_UE7393_STAPRE;Statistiques et apprentissage;STAPRE
2223_INGE_EI_OD_BIOSTIC_UE7494_BIOMOL;Biologie moléculaire, génétique et évolution;BIOMOL
2223_INGE_EI_OD_BIOSTIC_UE7494_IMMUNO;Immunologie;IMMUNO
2223_INGE_EI_OD_BIOSTIC_UE7494_MODIAN;Modélisation discrète et analyse qualitative des réseaux biologiques;MODIAN
2223_INGE_EI_OD_BIOSTIC_UE7494_NEUPHY;Neurologie et Physiologie;NEUPHY
2223_INGE_EI_OD_DATASIM_UE7393_ARSIG;Analyse et représentation de signaux;ARSIG
2223_INGE_EI_OD_DATASIM_UE7393_ATRIM;Analyse et traitement d'images;ATRIM
2223_INGE_EI_OD_DATASIM_UE7393_CSOPT;Calcul scientifique et optimisation;CSOPT
2223_INGE_EI_OD_DATASIM_UE7393_MSTAT;Modélisation statistique de données;MSTAT
2223_INGE_EI_OD_DATASIM_UE7494_AMULT;Analyse de données multicapteurs;AMULT
2223_INGE_EI_OD_DATASIM_UE7494_APSTA;Apprentissage statistique;APSTA
2223_INGE_EI_OD_DATASIM_UE7494_IMINV;Imagerie et méthodes inverses;IMINV
2223_INGE_EI_OD_DATASIM_UE7494_SIBIO;Signaux biomédicaux;SIBIO
2223_INGE_EI_OD_ECONTROL_UE7393_CONEN;Chaine de conversion de l'énergie;CONEN
2223_INGE_EI_OD_ECONTROL_UE7393_INFEM;Informatique embarquée;INFEM
2223_INGE_EI_OD_ECONTROL_UE7393_METOD;Méthodologie de la commande linéaire;METOD
2223_INGE_EI_OD_ECONTROL_UE7393_SIMUS;Simulation des systèmes électriques;SIMUS
2223_INGE_EI_OD_ECONTROL_UE7494_CAVAN;Commandes Avancées : Application aux ENRs;CAVAN
2223_INGE_EI_OD_ECONTROL_UE7494_LTIOT;LoT low power;LTIOT
2223_INGE_EI_OD_ECONTROL_UE7494_MCIA;Model checking et IA;MCIA
2223_INGE_EI_OD_ECONTROL_UE7494_VECGC;Véhicule électrique : capteurs logiciels, gestion contrôle;VECGC
2223_INGE_EI_OD_ENERG_UE7393_COMBUE;Combustion et émissions polluantes en énergétique;COMBU
2223_INGE_EI_OD_ENERG_UE7393_THCYM;Thermodynamique des cycles moteurs;THCYM
2223_INGE_EI_OD_ENERG_UE7393_THERMEN;Thermodynamique appliquée à l'énergétique;THERM
2223_INGE_EI_OD_ENERG_UE7393_TUMAC;Turbomachines pour la production d'énergie;TUMAC
2223_INGE_EI_OD_ENERG_UE7494_ECONV;Energies conventionnelles;ECONV
2223_INGE_EI_OD_ENERG_UE7494_EDCAR;Energies décarbonées;EDCAR
2223_INGE_EI_OD_ENERG_UE7494_SOLAR;Captation solaire;SOLAR
2223_INGE_EI_OD_ENERG_UE7494_TSCGE;Transport-stockage-conversion-gestion de l'énergie;TSCGE
2223_INGE_EI_OD_ENRRES_UE7393_COSEL;Contrôle des systèmes électriques;COSEL
2223_INGE_EI_OD_ENRRES_UE7393_ENTRE;Grands enjeux de la transition énergétique;ENTRE
2223_INGE_EI_OD_ENRRES_UE7393_EOLE1;Energie éolienne I;EOLE1
2223_INGE_EI_OD_ENRRES_UE7393_EOLE2;Energie éolienne II;EOLE2
2223_INGE_EI_OD_ENRRES_UE7494_COREL;Commande des réseaux électriques;COREL
2223_INGE_EI_OD_ENRRES_UE7494_EMERG;Technologies émergentes;EMERG
2223_INGE_EI_OD_ENRRES_UE7494_FOREL;Fonctionnement des réseaux électriques;FOREL
2223_INGE_EI_OD_ENRRES_UE7494_SOLAR;Energie solaire;SOLAR_ENRRES
2223_INGE_EI_OD_GC2D_UE7393_GCBMC;Formulation et durabilité des matériaux;GCBMC
2223_INGE_EI_OD_GC2D_UE7393_GCCPS;Calcul pratique des structures;GCCPS
2223_INGE_EI_OD_GC2D_UE7393_GCMOD;Méthodes et management;GCMOD
2223_INGE_EI_OD_GC2D_UE7393_GCSOL;Mécanique des sols et des roches;GCSOL
2223_INGE_EI_OD_GC2D_UE7494_GCBA1;Structures en Béton armé;GCBA1
2223_INGE_EI_OD_GC2D_UE7494_GCCAS;Etude de cas;GCCAS
2223_INGE_EI_OD_GC2D_UE7494_GCGEO;Ingénierie géotechnique;GCGEO
2223_INGE_EI_OD_GC2D_UE7494_GCPHY;Environnement et Physique du Bâtiment;GCPHY
2223_INGE_EI_OD_GI_UE7393_ACTOR;Acteurs et organisation;ACTOR
2223_INGE_EI_OD_GI_UE7393_MADEC;Méthodes et outils pour l'aide à la décision;MADEC
2223_INGE_EI_OD_GI_UE7393_PROD;Production durable;PROD
2223_INGE_EI_OD_GI_UE7393_RISK;Maîtrise des risques;RISK
2223_INGE_EI_OD_GI_UE7494_CHANE;Chaine Numérique en entreprise;CHANE
2223_INGE_EI_OD_GI_UE7494_MAPIN;Maîtrise des procédés et industrialisation;MAPIN
2223_INGE_EI_OD_GI_UE7494_MODEP;Modélisation et performance d'entreprise;MODEP
2223_INGE_EI_OD_GI_UE7494_SIGEC;Système d'information et gestion des connaissances;SIGEC
2223_INGE_EI_OD_INFOIA_UE7393_ALGOA;Algorithmique avancée;ALGOA
2223_INGE_EI_OD_INFOIA_UE7393_INDUR;Informatique durable;INDUR
2223_INGE_EI_OD_INFOIA_UE7393_PAPY;Programmation avancée en Python;PAPY
2223_INGE_EI_OD_INFOIA_UE7393_PFONC;Programmation fonctionnelle;PFONC
2223_INGE_EI_OD_INFOIA_UE7494_AGATH;Théorie des jeux algorithmiques;AGATH
2223_INGE_EI_OD_INFOIA_UE7494_GPGPU;Programmation sur processeur graphique;GPGPU
2223_INGE_EI_OD_INFOIA_UE7494_QCM;Qualité, conception, modélisation;QCM
2223_INGE_EI_OD_INFOIA_UE7494_STASC;Introduction à l'apprentissage statistique avec Python;STASC
2223_INGE_EI_OD_INFOSI_UE7393_BDONN;Bases de données;BDONN
2223_INGE_EI_OD_INFOSI_UE7393_GELOG;Génie Logiciel;GELOG
2223_INGE_EI_OD_INFOSI_UE7393_MADIS;Mathématiques discrètes;MADIS
2223_INGE_EI_OD_INFOSI_UE7393_OBJET;Programmation Objet;OBJET
2223_INGE_EI_OD_INFOSI_UE7494_ADATA;Analyse de Données;ADATA
2223_INGE_EI_OD_INFOSI_UE7494_MEDEV;Méthodologie de Développement;MEDEV_INFOSI
2223_INGE_EI_OD_INFOSI_UE7494_SECUR;Sécurité;SECUR
2223_INGE_EI_OD_INFOSI_UE7494_SYRES;Systèmes et Réseaux;SYRES
2223_INGE_EI_OD_IPROD_UE7393_CMMO;Choix des Matériaux et leur Mise en Oeuvre;CMMO
2223_INGE_EI_OD_IPROD_UE7393_CONCEPT;Conception;CONCEPT
2223_INGE_EI_OD_IPROD_UE7393_MOMAQ;Modélisation/Maquettage;MOMAQ
2223_INGE_EI_OD_IPROD_UE7393_USAGES;Usages;USAGES
2223_INGE_EI_OD_IPROD_UE7494_CONFORM;Conformité et stabilisation de la production;CONFORM
2223_INGE_EI_OD_IPROD_UE7494_PLANEX;Plan d'expériences;PLANEX
2223_INGE_EI_OD_IPROD_UE7494_PROCOM;Programmation commande machines et objets;PROCOM
2223_INGE_EI_OD_IPROD_UE7494_RAPMA;Rapid Manufacturing;RAPMA
2223_INGE_EI_OD_MAAS_UE7393_ARCHI;Structures Architecturées;ARCHI
2223_INGE_EI_OD_MAAS_UE7393_MEF;Méthode des éléments finis;MEF
2223_INGE_EI_OD_MAAS_UE7393_MODYN;Dynamique et analyse modale;MODYN
2223_INGE_EI_OD_MAAS_UE7393_MSCOM;Modélisation et simulation des matériaux et structures composites;MSCOM
2223_INGE_EI_OD_MAAS_UE7494_HYPER;Méthodes numériques pour la mécanique non-linéaire;HYPER
2223_INGE_EI_OD_MAAS_UE7494_IFS;Interaction Fluide-Structure;IFS
2223_INGE_EI_OD_MAAS_UE7494_PLAST;Plasticité des structures;PLAST
2223_INGE_EI_OD_MAAS_UE7494_SERMS;Simulation de l'endommagement et de la ruine des matériaux et des structures;SERMS
2223_INGE_EI_OD_MATEPRO_UE7393_CDMAT;Choix de matériaux;CDMAT
2223_INGE_EI_OD_MATEPRO_UE7393_EXPER;Outils expérimentaux;EXPER
2223_INGE_EI_OD_MATEPRO_UE7393_MEF;Méthode des éléments finis;MEF_MATEPRO
2223_INGE_EI_OD_MATEPRO_UE7393_MPHY;Modélisation multiphysique;MPHY
2223_INGE_EI_OD_MATEPRO_UE7494_CONFVE;Conférences et visites d'entreprises;CONFVE
2223_INGE_EI_OD_MATEPRO_UE7494_MELAST;Mécanique des élastomères;MELAST
2223_INGE_EI_OD_MATEPRO_UE7494_METAL;Métallurgie;METAL
2223_INGE_EI_OD_MATEPRO_UE7494_POCOM;Polymères solides et composites;POCOM
2223_INGE_EI_OD_MATHAPPLI_UE7393_AH;Analyse Hilbertienne;AH
2223_INGE_EI_OD_MATHAPPLI_UE7393_APST1;Apprentissage statistique;APST1
2223_INGE_EI_OD_MATHAPPLI_UE7393_PARC_APN_ANNUM1;Analyse numérique;ANNUM1
2223_INGE_EI_OD_MATHAPPLI_UE7393_PARC_S2D_STAT1;Statistique 1;STAT1
2223_INGE_EI_OD_MATHAPPLI_UE7393_PROBA;Probabilités;PROBA
2223_INGE_EI_OD_MATHAPPLI_UE7494_MNP;Méthodes numériques probabilistes;MNP
2223_INGE_EI_OD_MATHAPPLI_UE7494_PARC_APN_ANEDP;Equations aux dérivées partielles;ANEDP
2223_INGE_EI_OD_MATHAPPLI_UE7494_PARC_APN_ANNUM2;Analyse numérique avancée;ANNUM2
2223_INGE_EI_OD_MATHAPPLI_UE7494_PARC_S2D_SDR;Science des données avec R;SDR
2223_INGE_EI_OD_MATHAPPLI_UE7494_PARC_S2D_STAT2;Statistique 2;STAT2
2223_INGE_EI_OD_MATHAPPLI_UE7494_PRSTO;Processus stochastiques;PRSTO
2223_INGE_EI_OD_OCEAN_UE7393_ENVMA;Environnement marin et chargement;ENVMA
2223_INGE_EI_OD_OCEAN_UE7393_HNUM1;Hydro num 1;HNUM1
2223_INGE_EI_OD_OCEAN_UE7393_INTHY;Intro;INTHY
2223_INGE_EI_OD_OCEAN_UE7393_TEMER;Tenue à la mer et stabilité;TEMER
2223_INGE_EI_OD_OCEAN_UE7494_HNUM2;Hydro num 2;HNUM2
2223_INGE_EI_OD_OCEAN_UE7494_HYDEX;Hydrodynamique expérimentale;HYDEX
2223_INGE_EI_OD_OCEAN_UE7494_MANCR;Manoeuvrabilité et ancrages;MANCR
2223_INGE_EI_OD_OCEAN_UE7494_PRPOR;Profils portants;PRPOR
2223_INGE_EI_OD_PHYCITE_UE7393_CONSTR;Construction et structure;CONSTR
2223_INGE_EI_OD_PHYCITE_UE7393_EVT;Ecologie, Ville et Territoires;EVT
2223_INGE_EI_OD_PHYCITE_UE7393_PRURB;Problématiques Urbaines;PRURB
2223_INGE_EI_OD_PHYCITE_UE7393_SINBADP;Systèmes d'information et bases de données;SINBAD
2223_INGE_EI_OD_PHYCITE_UE7494_ACECE;Acoustique, éclairement et ensoleillement;ACECE
2223_INGE_EI_OD_PHYCITE_UE7494_ENERGUR;Energétique pour le génie urbain;ENERGUR
2223_INGE_EI_OD_PHYCITE_UE7494_HATUR;Hydrologie et Atmosphère Urbaine;HATUR
2223_INGE_EI_OD_PHYCITE_UE7494_IBIM;Initiation au BIM;IBIM
2223_INGE_EI_OD_PROPULSION_UE7393_COMBUP;Combustion et émissions polluantes en propulsion;COMBUP
2223_INGE_EI_OD_PROPULSION_UE7393_MOTCI;Moteur à combustion interne;MOTCI
2223_INGE_EI_OD_PROPULSION_UE7393_THERMPRO;Thermodynamique pour la propulsion;THERMPRO
2223_INGE_EI_OD_PROPULSION_UE7393_TURBO;Turbomachines pour la propulsion;TURBO
2223_INGE_EI_OD_PROPULSION_UE7494_DYGAZP;Dynamique des gaz;DYGAZP
2223_INGE_EI_OD_PROPULSION_UE7494_ENERGP;Energie en Propulsion;ENERGP
2223_INGE_EI_OD_PROPULSION_UE7494_PRAUT;Propulsion automobile - électrique et hybride;PRAUT
2223_INGE_EI_OD_PROPULSION_UE7494_PROAE;Systèmes propulsifs en aéronautique;PROAE
2223_INGE_EI_OD_ROBOTIQUE_UE7393_COBSS;Commande et observation des systèmes;COBSS
2223_INGE_EI_OD_ROBOTIQUE_UE7393_MOROB;Modélisation des robots manipulateurs;MOROB
2223_INGE_EI_OD_ROBOTIQUE_UE7393_PROAV;Programmation avancée;PROAV
2223_INGE_EI_OD_ROBOTIQUE_UE7393_VIROB;Vision pour la robotique;VIROB
2223_INGE_EI_OD_ROBOTIQUE_UE7494_COROB;Conception des robots;COROB
2223_INGE_EI_OD_ROBOTIQUE_UE7494_MIDWA;Middleware;MIDWA
2223_INGE_EI_OD_ROBOTIQUE_UE7494_RASOM;Robots aériens et sous-marins;RASOM
2223_INGE_EI_OD_ROBOTIQUE_UE7494_VETIN;Véhicules et transports intelligents;VETIN
2223_INGE_EI_OD_RV_UE7393_CPLUS;Programmation C++;CPLUS
2223_INGE_EI_OD_RV_UE7393_FONRV;Fondements de la Réalité Virtuelle;FONRV
2223_INGE_EI_OD_RV_UE7393_IMAGRV;Synthèse d'images en temps réel;IMAGRV
2223_INGE_EI_OD_RV_UE7393_MODRV;De la Géométrie réelle au modèle 3D;MODRV
2223_INGE_EI_OD_RV_UE7494_INTER;Interaction 3D;INTER
2223_INGE_EI_OD_RV_UE7494_MEDEV;Méthodologie de Développement;MEDEV
2223_INGE_EI_OD_RV_UE7494_VISUS;Visualisation scientifique;VISUS
2223_INGE_EI_OD_RV_UE7494_VSION;Vision par ordinateur et Réalité Augmentée;VSION
2223_INGE_EI_S5_PROMO_A_UE53_MEMCO;Modélisation et mécanique des milieux continus;MEMCO_S5
2223_INGE_EI_S5_PROMO_A_UE54_CODEP;Conception et Développement de Produits;CODEP_S5
2223_INGE_EI_S5_PROMO_A_UE54_ENCLI;Enjeux Energétiques Environnementaux et Climatiques;ENCLI_S5
2223_INGE_EI_S5_PROMO_A_UE55_FLUID;Physique et Dynamique des Fluides;FLUID_S5
2223_INGE_EI_S5_PROMO_B_UE53_MATHS;Mathématiques pour l'ingénieur;MATHS_S5
2223_INGE_EI_S5_PROMO_B_UE54_CCUBE;Capteurs, contrôle, commande;CCUBE_S5
2223_INGE_EI_S5_PROMO_B_UE55_ALGPR;Algorithmique et Programmation;ALGPR_S5
2223_INGE_EI_S5_SOFTSKILLS_SE_IAM20;IAM20 - Connaissance de soi;IAM20_S5
2223_INGE_EI_S5_SOFTSKILLS_SE_IAM21;IAM21 - Construire et développer son réseau;IAM21_S5
2223_INGE_EI_S5_SOFTSKILLS_SE_IAM50;IAM50 - Parler vrai et cas de conscience;IAM50_S5
2223_INGE_EI_S5_SOFTSKILLS_SE_INOV14;INOV14 - Engagement responsable du don de soi;INOV14_S5
2223_INGE_EI_S5_SOFTSKILLS_SE_INOV20;INOV20 - Introduction à l'innovation;INOV20_S5
2223_INGE_EI_S5_SOFTSKILLS_SE_INOV29;INOV29 - Ateliers de sensibilisation sectoriels aux enjeux de la transition écologique (fresques);INOV29_S5
2223_INGE_EI_S5_SOFTSKILLS_SE_OSO10;OSO10 - Introduction à la RSE;OSO10_S5
2223_INGE_EI_S5_SOFTSKILLS_SE_OSO12;OSO12 - Comprendre et débattre sur la transition écologique;OSO12_S5
2223_INGE_EI_S5_SOFTSKILLS_SE_OSO14;OSO14 - Egalité (H/F) et mécanismes de violence chez l'être humain;OSO14_S5
2223_INGE_EI_S5_SOFTSKILLS_SE_OSO34;OSO34 - Ethique environnementale pour les organisations;OSO34_S5
2223_INGE_EI_S5_SOFTSKILLS_SE_PRO10;PRO10 - Ateliers Leadership;PRO10_S5
2223_INGE_EI_S5_SOFTSKILLS_SE_PRO20;PRO20 - Mettre en oeuvre et conduire un projet;PRO20_S5
2223_INGE_EI_S5_SOFTSKILLS_SE_PRO51;PRO51 - Comprendre la finance à travers la création d'entreprise;PRO51_S5
2223_INGE_EI_S5_SOFTSKILLS_SH_ENG02;ENG02 - Religion and social change in contemporary Europe and North America;ENG02_S5
2223_INGE_EI_S5_SOFTSKILLS_SH_GEO03;GEO03 - Japon dans le monde;GEO03_S5
2223_INGE_EI_S5_SOFTSKILLS_SH_GEO11;GEO11 - Ville, climat et sociétés : les liaisons dangereuses;GEO11_S5
2223_INGE_EI_S5_SOFTSKILLS_SH_GEO12;GEO12 - Penser et mettre en oeuvre la transition écologique;GEO12_S5
2223_INGE_EI_S5_SOFTSKILLS_SH_NUMCIV01;NUMCIV01 - Numérique et Civilisation;NUMCIV01_S5
2223_INGE_EI_S5_SOFTSKILLS_SH_PHI01;PHI01 - Philosophie : Bienvenue dans la postmodernité;PHI01_S5
2223_INGE_EI_S5_UE51_BLOC_LVC_ALLEM;Allemand;ALLS5
2223_INGE_EI_S5_UE51_BLOC_LVC_CHINO;Chinois;CHIS5
2223_INGE_EI_S5_UE51_BLOC_LVC_ENGLI;Anglais;ANGS5
2223_INGE_EI_S5_UE51_BLOC_LVC_ESPAG;Espagnol;ESPS5
2223_INGE_EI_S5_UE51_BLOC_LVC_ITALI;Italien;ITAS5
2223_INGE_EI_S5_UE51_BLOC_LVC_JAPON;Japonais;JAPS5
2223_INGE_EI_S5_UE51_BLOC_LVC_RUSSE;Russe;RUSS5
2223_INGE_EI_S5_UE51_BLOC_LVO_ENGLI;Anglais;ENGS5
2223_INGE_EI_S5_UE51_BLOC_LVO_FLE;Français langue étrangère;FLES5
2223_INGE_EI_S5_UE51_EPS;Education sportive;EPS_S5
2223_INGE_EI_S5_UE55_BIOLO;Biologie;BIOLO_S5
2223_INGE_EI_S5_UE55_ENERG;Energétique;ENERG_S5
2223_INGE_EI_S5_UE55_GPROD;Gestion de Production;GPROD_S5
2223_INGE_EI_S5_UE55_MATER;Matériaux;MATER_S5
2223_INGE_EI_S5_UE55_SELEC;Electronique, actionneurs électriques, systèmes embarqués;SELEC_S5
2223_INGE_EI_S5_UE55_SSTEM;Système d'information;SSTEM_S5
2223_INGE_EI_S5_UE56_DEARC;Découverte architecturale;DEARC_S5
2223_INGE_EI_S7_FAST_TRACK_UE71_EPS;Sports;FASTTRACK_EPS_S7
2223_INGE_EI_S7_FAST_TRACK_UE71_FL2;English;FASTTRACK_FL2_S7
2223_INGE_EI_S7_FAST_TRACK_UE71_FLE;French Language;FASTTRACK_FLE_S7
2223_INGE_EI_S7_FAST_TRACK_UE72_ALGPR;Algorithms & Programming;FASTTRACK_ALGPR_S7
2223_INGE_EI_S7_FAST_TRACK_UE72_OFM;Optimization;FASTTRACK_OFM_S7
2223_INGE_EI_S7_FAST_TRACK_UE73_FINEL;Finite Elements;FASTTRACK_FINEL_S7
2223_INGE_EI_S7_FAST_TRACK_UE73_MATH1;Maths I;FASTTRACK_MATH1_S7
2223_INGE_EI_S7_FAST_TRACK_UE73_SNS;Signal and Systems;FASTTRACK_SNS_S7
2223_INGE_EI_S7_FAST_TRACK_UE74_CIVEN;Civil Engineering;FASTTRACK_CIVEN_S7
2223_INGE_EI_S7_FAST_TRACK_UE74_ENERG;Energetics;FASTTRACK_ENERG_S7
2223_INGE_EI_S7_FAST_TRACK_UE74_ROBOT;Robotics;FASTTRACK_ROBOT_S7
2223_INGE_EI_S7_FI_UE71_BLOC_LVC_ALLEM;Allemand;ALLS7
2223_INGE_EI_S7_FI_UE71_BLOC_LVC_CHINO;Chinois;CHIS7
2223_INGE_EI_S7_FI_UE71_BLOC_LVC_ENGLI;Anglais;ANGS7
2223_INGE_EI_S7_FI_UE71_BLOC_LVC_ESPAG;Espagnol;ESPS7
2223_INGE_EI_S7_FI_UE71_BLOC_LVC_ITALI;Italien;ITAS7
2223_INGE_EI_S7_FI_UE71_BLOC_LVC_JAPON;Japonais;JAPS7
2223_INGE_EI_S7_FI_UE71_BLOC_LVC_RUSSE;Russe;RUSS7
2223_INGE_EI_S7_FI_UE71_BLOC_LVO_ENGLI;Anglais;ENGS7
2223_INGE_EI_S7_FI_UE71_BLOC_LVO_FLE;Français Langue Etrangère;FLES7
2223_INGE_EI_S7_FI_UE71_EPS;Education sportive;EPSS79
2223_INGE_EI_S7_FI_UE75_PROAR;Projet architectural;PROAR
2223_INGE_EI_S7_SOFTSKILLS_SE_IAM11;IAM11 - Développer son employabilité;IAM11_S7
2223_INGE_EI_S7_SOFTSKILLS_SE_IAM40;IAM40 - Théâtre;IAM40_S7
2223_INGE_EI_S7_SOFTSKILLS_SE_INOV21;INOV21 - Produire responsable;INOV21_S7
2223_INGE_EI_S7_SOFTSKILLS_SE_INOV23;INOV23 - Innovation durable avec l'approche Economie Circulaire et Bas Carbone;INOV23_S7
2223_INGE_EI_S7_SOFTSKILLS_SE_INOV26;INOV26 - Entreprendre une démarche QSE;INOV26_S7
2223_INGE_EI_S7_SOFTSKILLS_SE_INOV32;INOV32 - Entreprendre la grande transition;INOV32_S7
2223_INGE_EI_S7_SOFTSKILLS_SE_OSO11;OSO11 - Transition énergétique, aménagement urbain et mondialisation;OSO11_S7
2223_INGE_EI_S7_SOFTSKILLS_SE_OSO13;OSO13 - Trajectoires bas carbone;OSO13_S7
2223_INGE_EI_S7_SOFTSKILLS_SE_OSO21;OSO21 - Qualité de vie au travail;OSO21_S7
2223_INGE_EI_S7_SOFTSKILLS_SE_OSO22;OSO22 - Parties prenantes : quel dialogue;OSO22_S7
2223_INGE_EI_S7_SOFTSKILLS_SE_OSO32;OSO32 - Droit de l'environnement;OSO32_S7
2223_INGE_EI_S7_SOFTSKILLS_SE_OSO33;OSO33 - Ethique environnementale pour les organisations;OSO33_S7
2223_INGE_EI_S7_SOFTSKILLS_SE_OSO42;OSO42 - Gouvernance d'entreprise;OSO42_S7
2223_INGE_EI_S7_SOFTSKILLS_SE_PRO21;PRO21 - Devenir et être un chef de projet;PRO21_S7
2223_INGE_EI_S7_SOFTSKILLS_SE_PRO30;PRO30 - Politique Ressources humaines et management;PRO30_S7
2223_INGE_EI_S7_SOFTSKILLS_SE_PRO31;PRO31 - Les bonnes pratiques managériales;PRO31_S7
2223_INGE_EI_S7_SOFTSKILLS_SE_PRO33;PRO33 - Projet : conduire le changement;PRO33_S7
2223_INGE_EI_S7_SOFTSKILLS_SE_PRO34;PRO34 - Intercultural Management;PRO34_S7
2223_INGE_EI_S7_SOFTSKILLS_SE_PRO40;PRO40 - Sales and Marketing Management;PRO40_S7
2223_INGE_EI_S7_SOFTSKILLS_SE_PRO50;PRO50 - Finance pour non financier;PRO50_S7
2223_INGE_EI_S7_SOFTSKILLS_SE_PRO52;PRO52 - Les 5 dimensions financières indispensables;PRO52_S7
2223_INGE_EI_S9_UE91_BLOC_LVC_ALLEM;Allemand;ALLS9
2223_INGE_EI_S9_UE91_BLOC_LVC_CHINO;Chinois;CHIS9
2223_INGE_EI_S9_UE91_BLOC_LVC_ENGLI;Anglais;ANGS9
2223_INGE_EI_S9_UE91_BLOC_LVC_ESPAG;Espagnol;ESPS9
2223_INGE_EI_S9_UE91_BLOC_LVC_ITALI;Italien;ITAS9
2223_INGE_EI_S9_UE91_BLOC_LVC_JAPON;Japonais;JAPS9
2223_INGE_EI_S9_UE91_BLOC_LVC_RUSSE;Russe;RUSS9
2223_INGE_EI_S9_UE91_BLOC_LVO_ENGLI;Anglais;ENGS9
2223_INGE_EI_S9_UE91_BLOC_LVO_FLE;Français Langue Etrangère;FLES9
2223_INGE_EI_S9_UE91_EPS;Education sportive;EPSS79
