id_subject;subject_code;subject_acronym
13974077;2223_INGE_EI_OD_AERONAUTIQUE_UE7393_DYGAZA;DYGAZA
13974124;2223_INGE_EI_OD_AERONAUTIQUE_UE7393_DYVOL;DYVOL
13974194;2223_INGE_EI_OD_AERONAUTIQUE_UE7393_ISN;ISN
13974243;2223_INGE_EI_OD_AERONAUTIQUE_UE7393_STAV;STAV
13981207;2223_INGE_EI_OD_AERONAUTIQUE_UE7494_AEFP;AEFP
13981254;2223_INGE_EI_OD_AERONAUTIQUE_UE7494_CAE;CAE
13981302;2223_INGE_EI_OD_AERONAUTIQUE_UE7494_MTURB;MTURB
13981420;2223_INGE_EI_OD_AERONAUTIQUE_UE7494_PROAE;PROAE
13991084;2223_INGE_EI_OD_AERONAUTIQUE_UE83103_AEAC;AEAC
13991132;2223_INGE_EI_OD_AERONAUTIQUE_UE83103_DYSTR;DYSTR
13991181;2223_INGE_EI_OD_AERONAUTIQUE_UE83103_P2AERO;PROJAERO
13991229;2223_INGE_EI_OD_AERONAUTIQUE_UE83103_SAE;SAE
13991278;2223_INGE_EI_OD_AERONAUTIQUE_UE83103_SPSAE;SPSAE
13974316;2223_INGE_EI_OD_BIOSTIC_UE7393_BIOCEL;BIOCEL
13974385;2223_INGE_EI_OD_BIOSTIC_UE7393_INFAVA;INFAVA
13974432;2223_INGE_EI_OD_BIOSTIC_UE7393_SIMCHI;SIMCHI
13974481;2223_INGE_EI_OD_BIOSTIC_UE7393_STAPRE;STAPRE
13981562;2223_INGE_EI_OD_BIOSTIC_UE7494_BIOMOL;BIOMOL
13981636;2223_INGE_EI_OD_BIOSTIC_UE7494_IMMUNO;IMMUNO
13981685;2223_INGE_EI_OD_BIOSTIC_UE7494_MODIAN;MODIAN
13981733;2223_INGE_EI_OD_BIOSTIC_UE7494_NEUPHY;NEUPHY
13991357;2223_INGE_EI_OD_BIOSTIC_UE83103_BIOGEN;BIOGEN
13991429;2223_INGE_EI_OD_BIOSTIC_UE83103_CONFER;CONFER
13991486;2223_INGE_EI_OD_BIOSTIC_UE83103_MOQUAN;MOQUAN
13991533;2223_INGE_EI_OD_BIOSTIC_UE83103_PROENC2;PROJBIOS
13991583;2223_INGE_EI_OD_BIOSTIC_UE83103_SYSBAD;SYSBAD
13974833;2223_INGE_EI_OD_DATASIM_UE7393_ARSIG;ARSIG
13974906;2223_INGE_EI_OD_DATASIM_UE7393_ATRIM;ATRIM
13974979;2223_INGE_EI_OD_DATASIM_UE7393_CSOPT;CSOPT
13975050;2223_INGE_EI_OD_DATASIM_UE7393_MSTAT;MSTAT
13982279;2223_INGE_EI_OD_DATASIM_UE7494_AMULT;AMULT
13982204;2223_INGE_EI_OD_DATASIM_UE7494_APSTA;APSTA
13982351;2223_INGE_EI_OD_DATASIM_UE7494_IMINV;IMINV
13982472;2223_INGE_EI_OD_DATASIM_UE7494_SIBIO;SIBIO
13992046;2223_INGE_EI_OD_DATASIM_UE83103_APPLI;APPLI
13992097;2223_INGE_EI_OD_DATASIM_UE83103_AUDIO;AUDIO
13992168;2223_INGE_EI_OD_DATASIM_UE83103_IMBIO;IMBIO
13991975;2223_INGE_EI_OD_DATASIM_UE83103_MPSET;MPSET
13992219;2223_INGE_EI_OD_DATASIM_UE83103_PRTSI2;PRTSI 2
13992297;2223_INGE_EI_OD_DOCTOR_UE83103_P3DOCT;DOCTOR
13974564;2223_INGE_EI_OD_ECONTROL_UE7393_CONEN;CONEN
13974639;2223_INGE_EI_OD_ECONTROL_UE7393_INFEM;INFEM
13974688;2223_INGE_EI_OD_ECONTROL_UE7393_METOD;METOD
13974760;2223_INGE_EI_OD_ECONTROL_UE7393_SIMUS;SIMUS
13981906;2223_INGE_EI_OD_ECONTROL_UE7494_CAVAN;CAVAN
13981978;2223_INGE_EI_OD_ECONTROL_UE7494_LTIOT;LTIOT
13981835;2223_INGE_EI_OD_ECONTROL_UE7494_MCIA;MCIA
13982049;2223_INGE_EI_OD_ECONTROL_UE7494_VECGC;VECGC
13991661;2223_INGE_EI_OD_ECONTROL_UE83103_CONUM;CONUM
13991779;2223_INGE_EI_OD_ECONTROL_UE83103_GENER;GENER
13991849;2223_INGE_EI_OD_ECONTROL_UE83103_P2ECONTROL;PROJECTR
13991898;2223_INGE_EI_OD_ECONTROL_UE83103_PENER;PENER
13991709;2223_INGE_EI_OD_ECONTROL_UE83103_TENER;TENER
13975952;2223_INGE_EI_OD_ENERG_UE7393_COMBUE;COMBU
13975804;2223_INGE_EI_OD_ENERG_UE7393_THCYM;THCYM
13975853;2223_INGE_EI_OD_ENERG_UE7393_THERMEN;THERM
13975902;2223_INGE_EI_OD_ENERG_UE7393_TUMAC;TUMAC
13982798;2223_INGE_EI_OD_ENERG_UE7494_ECONV;ECONV
13982845;2223_INGE_EI_OD_ENERG_UE7494_EDCAR;EDCAR
13982940;2223_INGE_EI_OD_ENERG_UE7494_SOLAR;SOLAR
13982988;2223_INGE_EI_OD_ENERG_UE7494_TSCGE;TSCGE
13992420;2223_INGE_EI_OD_ENERG_UE83103_BCAUE;BCAUE
13992490;2223_INGE_EI_OD_ENERG_UE83103_GCLIM;GCLIM
13992539;2223_INGE_EI_OD_ENERG_UE83103_P2ENERG;PROJENER
13992634;2223_INGE_EI_OD_ENERG_UE83103_THBATE;THBATE
13992587;2223_INGE_EI_OD_ENERG_UE83103_TPENE;TPENE
13979594;2223_INGE_EI_OD_ENRRES_UE7393_COSEL;COSEL
13979543;2223_INGE_EI_OD_ENRRES_UE7393_ENTRE;ENTRE
13979713;2223_INGE_EI_OD_ENRRES_UE7393_EOLE1;EOLE1
13979642;2223_INGE_EI_OD_ENRRES_UE7393_EOLE2;EOLE2
13987234;2223_INGE_EI_OD_ENRRES_UE7494_COREL;COREL
13987110;2223_INGE_EI_OD_ENRRES_UE7494_EMERG;EMERG
13987161;2223_INGE_EI_OD_ENRRES_UE7494_FOREL;FOREL
13987060;2223_INGE_EI_OD_ENRRES_UE7494_SOLAR;SOLAR_ENRRES
13996938;2223_INGE_EI_OD_ENRRES_UE83103_ESERE;ESERE
13997057;2223_INGE_EI_OD_ENRRES_UE83103_HYDRO;HYDRO
13997010;2223_INGE_EI_OD_ENRRES_UE83103_PRAO2;PROJENRS
13996889;2223_INGE_EI_OD_ENRRES_UE83103_SDSE;SDSE
13997116;2223_INGE_EI_OD_ENRRES_UE83103_SMART;SMART
13976076;2223_INGE_EI_OD_GC2D_UE7393_GCBMC;GCBMC
13976125;2223_INGE_EI_OD_GC2D_UE7393_GCCPS;GCCPS
13976029;2223_INGE_EI_OD_GC2D_UE7393_GCMOD;GCMOD
13976172;2223_INGE_EI_OD_GC2D_UE7393_GCSOL;GCSOL
13983065;2223_INGE_EI_OD_GC2D_UE7494_GCBA1;GCBA1
13983160;2223_INGE_EI_OD_GC2D_UE7494_GCCAS;GCCAS
13983113;2223_INGE_EI_OD_GC2D_UE7494_GCGEO;GCGEO
13983212;2223_INGE_EI_OD_GC2D_UE7494_GCPHY;GCPHY
13992759;2223_INGE_EI_OD_GC2D_UE83103_GCECO;GCECO
13992712;2223_INGE_EI_OD_GC2D_UE83103_GCMBA;GCMBA
13992855;2223_INGE_EI_OD_GC2D_UE83103_GCOUV;GCOUV
13992806;2223_INGE_EI_OD_GC2D_UE83103_GCSIS;GCSIS
13992902;2223_INGE_EI_OD_GC2D_UE83103_P2GC;PROJGC2D
13976436;2223_INGE_EI_OD_GI_UE7393_ACTOR;ACTOR
13976294;2223_INGE_EI_OD_GI_UE7393_MADEC;MADEC
13976364;2223_INGE_EI_OD_GI_UE7393_PROD;PROD
13976246;2223_INGE_EI_OD_GI_UE7393_RISK;RISK
13983338;2223_INGE_EI_OD_GI_UE7494_CHANE;CHANE
13983387;2223_INGE_EI_OD_GI_UE7494_MAPIN;MAPIN
13983434;2223_INGE_EI_OD_GI_UE7494_MODEP;MODEP
13983530;2223_INGE_EI_OD_GI_UE7494_SIGEC;SIGEC
13993031;2223_INGE_EI_OD_GI_UE83103_CHANGE;CHANGE
13992982;2223_INGE_EI_OD_GI_UE83103_HACOPG;HACOPG_GI
13993078;2223_INGE_EI_OD_GI_UE83103_P2GI;PROJGI
13993126;2223_INGE_EI_OD_GI_UE83103_RVAL;RVAL
13993174;2223_INGE_EI_OD_GI_UE83103_SIROP;SIROP
13975211;2223_INGE_EI_OD_INFOIA_UE7393_ALGOA;ALGOA
13975627;2223_INGE_EI_OD_INFOIA_UE7393_INDUR;INDUR
13975424;2223_INGE_EI_OD_INFOIA_UE7393_PAPY;PAPY
13975316;2223_INGE_EI_OD_INFOIA_UE7393_PFONC;PFONC
14145230;2223_INGE_EI_OD_INFOIA_UE7494_AGATH;AGATH
14145261;2223_INGE_EI_OD_INFOIA_UE7494_GPGPU;GPGPU
14145186;2223_INGE_EI_OD_INFOIA_UE7494_QCM;QCM
14145205;2223_INGE_EI_OD_INFOIA_UE7494_STASC;STASC
14145482;2223_INGE_EI_OD_INFOIA_UE83103_GRAAL;GRAAL
14145463;2223_INGE_EI_OD_INFOIA_UE83103_MPAR;MPAR
14145443;2223_INGE_EI_OD_INFOIA_UE83103_PAMEF;PAMEF
14145526;2223_INGE_EI_OD_INFOIA_UE83103_PIIA2;PROJINIA
14145504;2223_INGE_EI_OD_INFOIA_UE83103_PRLOG;PRLOG
13976682;2223_INGE_EI_OD_INFOSI_UE7393_BDONN;BDONN
13976633;2223_INGE_EI_OD_INFOSI_UE7393_GELOG;GELOG
13976585;2223_INGE_EI_OD_INFOSI_UE7393_MADIS;MADIS
13976512;2223_INGE_EI_OD_INFOSI_UE7393_OBJET;OBJET
13983819;2223_INGE_EI_OD_INFOSI_UE7494_ADATA;ADATA
13983612;2223_INGE_EI_OD_INFOSI_UE7494_MEDEV;MEDEV_INFOSI
13983724;2223_INGE_EI_OD_INFOSI_UE7494_SECUR;SECUR
13983772;2223_INGE_EI_OD_INFOSI_UE7494_SYRES;SYRES
13993542;2223_INGE_EI_OD_INFOSI_UE83103_DEVMO;DEVMO
13993274;2223_INGE_EI_OD_INFOSI_UE83103_PGROU;PROJINSI
13993616;2223_INGE_EI_OD_INFOSI_UE83103_PRWEB;PRWEB
13993668;2223_INGE_EI_OD_INFOSI_UE83103_SYSIN;SYSIN
13993330;2223_INGE_EI_OD_INFOSI_UE83103_TLANG;TLANG
13976946;2223_INGE_EI_OD_IPROD_UE7393_CMMO;CMMO
13976874;2223_INGE_EI_OD_IPROD_UE7393_CONCEPT;CONCEPT
13976826;2223_INGE_EI_OD_IPROD_UE7393_MOMAQ;MOMAQ
13976779;2223_INGE_EI_OD_IPROD_UE7393_USAGES;USAGES
13984018;2223_INGE_EI_OD_IPROD_UE7494_CONFORM;CONFORM
13984113;2223_INGE_EI_OD_IPROD_UE7494_PLANEX;PLANEX
13983947;2223_INGE_EI_OD_IPROD_UE7494_PROCOM;PROCOM
13983898;2223_INGE_EI_OD_IPROD_UE7494_RAPMA;RAPMA
13993781;2223_INGE_EI_OD_IPROD_UE83103_DESIN;DESIN
13993732;2223_INGE_EI_OD_IPROD_UE83103_HACOPG;HACOPG
13993885;2223_INGE_EI_OD_IPROD_UE83103_P2IPROD;PROJIPRO
13993838;2223_INGE_EI_OD_IPROD_UE83103_PROCD;PROCD
13993933;2223_INGE_EI_OD_IPROD_UE83103_SYPRO;SYPRO
14146852;2223_INGE_EI_OD_LOWTEC_UE7393_EXPLORE;EXPLORE
14153285;2223_INGE_EI_OD_LOWTEC_UE7494_COFALOW;COFALOW
14153412;2223_INGE_EI_OD_LOWTEC_UE83103_HORIZONS;HORIZONS
14153373;2223_INGE_EI_OD_LOWTEC_UE83103_LOWTEC3;LOWTEC
13977126;2223_INGE_EI_OD_MAAS_UE7393_ARCHI;ARCHI
13977197;2223_INGE_EI_OD_MAAS_UE7393_MEF;MEF
13977030;2223_INGE_EI_OD_MAAS_UE7393_MODYN;MODYN
13977079;2223_INGE_EI_OD_MAAS_UE7393_MSCOM;MSCOM
13984309;2223_INGE_EI_OD_MAAS_UE7494_HYPER;HYPER
13984262;2223_INGE_EI_OD_MAAS_UE7494_IFS;IFS
13984214;2223_INGE_EI_OD_MAAS_UE7494_PLAST;PLAST
13984383;2223_INGE_EI_OD_MAAS_UE7494_SERMS;SERMS
13994209;2223_INGE_EI_OD_MAAS_UE83103_COUPLED;COUPLED
13994010;2223_INGE_EI_OD_MAAS_UE83103_CRASH;CRASH
13994159;2223_INGE_EI_OD_MAAS_UE83103_NUMEXPE;NUMEXPE
13994059;2223_INGE_EI_OD_MAAS_UE83103_OUVERT;OUVERT
13994111;2223_INGE_EI_OD_MAAS_UE83103_P2MAAS;PROJMAAS
13977484;2223_INGE_EI_OD_MATEPRO_UE7393_CDMAT;CDMAT
13977294;2223_INGE_EI_OD_MATEPRO_UE7393_EXPER;EXPER
13977413;2223_INGE_EI_OD_MATEPRO_UE7393_MEF;MEF_MATEPRO
13977343;2223_INGE_EI_OD_MATEPRO_UE7393_MPHY;MPHY
13984556;2223_INGE_EI_OD_MATEPRO_UE7494_CONFVE;CONFVE
13984606;2223_INGE_EI_OD_MATEPRO_UE7494_MELAST;MELAST
13984508;2223_INGE_EI_OD_MATEPRO_UE7494_METAL;METAL
13984730;2223_INGE_EI_OD_MATEPRO_UE7494_POCOM;POCOM
13994360;2223_INGE_EI_OD_MATEPRO_UE83103_FARUP;FARUP
13994430;2223_INGE_EI_OD_MATEPRO_UE83103_MATSOC;MATSOC
13994290;2223_INGE_EI_OD_MATEPRO_UE83103_MIMET;MIMET
13994501;2223_INGE_EI_OD_MATEPRO_UE83103_MIPOL;MIPOL
13994550;2223_INGE_EI_OD_MATEPRO_UE83103_P2MATEPRO;PROJMATE
13977631;2223_INGE_EI_OD_MATHAPPLI_UE7393_AH;AH
13977583;2223_INGE_EI_OD_MATHAPPLI_UE7393_APST1;APST1
13977744;2223_INGE_EI_OD_MATHAPPLI_UE7393_PARC_APN_ANNUM1;ANNUM1
13977800;2223_INGE_EI_OD_MATHAPPLI_UE7393_PARC_S2D_STAT1;STAT1
13977685;2223_INGE_EI_OD_MATHAPPLI_UE7393_PROBA;PROBA
13984832;2223_INGE_EI_OD_MATHAPPLI_UE7494_MNP;MNP
13984994;2223_INGE_EI_OD_MATHAPPLI_UE7494_PARC_APN_ANEDP;ANEDP
13985051;2223_INGE_EI_OD_MATHAPPLI_UE7494_PARC_APN_ANNUM2;ANNUM2
13985105;2223_INGE_EI_OD_MATHAPPLI_UE7494_PARC_S2D_SDR;SDR
13985157;2223_INGE_EI_OD_MATHAPPLI_UE7494_PARC_S2D_STAT2;STAT2
13984930;2223_INGE_EI_OD_MATHAPPLI_UE7494_PRSTO;PRSTO
13994634;2223_INGE_EI_OD_MATHAPPLI_UE83103_APST2;APST2
13994683;2223_INGE_EI_OD_MATHAPPLI_UE83103_P2MATHAPPLI;PROJMATH
13994788;2223_INGE_EI_OD_MATHAPPLI_UE83103_PARC_APN_MBS;MBS
13994838;2223_INGE_EI_OD_MATHAPPLI_UE83103_PARC_APN_MODST;MODST
13994892;2223_INGE_EI_OD_MATHAPPLI_UE83103_PARC_S2D_BAYES;BAYES
13994942;2223_INGE_EI_OD_MATHAPPLI_UE83103_PARC_S2D_FAS;FAS
13994731;2223_INGE_EI_OD_MATHAPPLI_UE83103_QI;QI
13977872;2223_INGE_EI_OD_OCEAN_UE7393_ENVMA;ENVMA
13977945;2223_INGE_EI_OD_OCEAN_UE7393_HNUM1;HNUM1
13978019;2223_INGE_EI_OD_OCEAN_UE7393_INTHY;INTHY
13978072;2223_INGE_EI_OD_OCEAN_UE7393_TEMER;TEMER
13985228;2223_INGE_EI_OD_OCEAN_UE7494_HNUM2;HNUM2
13985306;2223_INGE_EI_OD_OCEAN_UE7494_HYDEX;HYDEX
13985363;2223_INGE_EI_OD_OCEAN_UE7494_MANCR;MANCR
13985463;2223_INGE_EI_OD_OCEAN_UE7494_PRPOR;PRPOR
13995085;2223_INGE_EI_OD_OCEAN_UE83103_APPRO;APPRO
13995135;2223_INGE_EI_OD_OCEAN_UE83103_CONAV;CONAV
13995012;2223_INGE_EI_OD_OCEAN_UE83103_EOLIEN;EOLIEN
13995207;2223_INGE_EI_OD_OCEAN_UE83103_INTFS;INTFS
13995280;2223_INGE_EI_OD_OCEAN_UE83103_P2OCEAN;PROJOCEA
13978564;2223_INGE_EI_OD_PHYCITE_UE7393_CONSTR;CONSTR
13978515;2223_INGE_EI_OD_PHYCITE_UE7393_EVT;EVT
13978663;2223_INGE_EI_OD_PHYCITE_UE7393_PRURB;PRURB
13978615;2223_INGE_EI_OD_PHYCITE_UE7393_SINBADP;SINBAD
13985738;2223_INGE_EI_OD_PHYCITE_UE7494_ACECE;ACECE
13985691;2223_INGE_EI_OD_PHYCITE_UE7494_ENERGUR;ENERGUR
13985809;2223_INGE_EI_OD_PHYCITE_UE7494_HATUR;HATUR
13985917;2223_INGE_EI_OD_PHYCITE_UE7494_IBIM;IBIM
13995420;2223_INGE_EI_OD_PHYCITE_UE83103_P2PHYCITE;PROJPHYC
13995478;2223_INGE_EI_OD_PHYCITE_UE83103_PARC_HABITAT_CTAIR;CTAIR
13995553;2223_INGE_EI_OD_PHYCITE_UE83103_PARC_HABITAT_MATHA;MATHA
13995604;2223_INGE_EI_OD_PHYCITE_UE83103_PARC_HABITAT_TECBA;TECBA
13995654;2223_INGE_EI_OD_PHYCITE_UE83103_PARC_HABITAT_THBATP;THBATP
13995707;2223_INGE_EI_OD_PHYCITE_UE83103_PARC_INGURB_ATRAN;ATRAN
13995757;2223_INGE_EI_OD_PHYCITE_UE83103_PARC_INGURB_ENEVI;ENEVI
13995809;2223_INGE_EI_OD_PHYCITE_UE83103_PARC_INGURB_GENUI;GENUI
13995859;2223_INGE_EI_OD_PHYCITE_UE83103_PARC_INGURB_HATUA;HATUA
13978883;2223_INGE_EI_OD_PROPULSION_UE7393_COMBUP;COMBUP
13978737;2223_INGE_EI_OD_PROPULSION_UE7393_MOTCI;MOTCI
13978786;2223_INGE_EI_OD_PROPULSION_UE7393_THERMPRO;THERMPRO
13978834;2223_INGE_EI_OD_PROPULSION_UE7393_TURBO;TURBO
13986065;2223_INGE_EI_OD_PROPULSION_UE7494_DYGAZP;DYGAZP
13985994;2223_INGE_EI_OD_PROPULSION_UE7494_ENERGP;ENERGP
13986197;2223_INGE_EI_OD_PROPULSION_UE7494_PRAUT;PRAUT
13986281;2223_INGE_EI_OD_PROPULSION_UE7494_PROAE;PROAE
13995992;2223_INGE_EI_OD_PROPULSION_UE83103_LASPA;LASPA
13996086;2223_INGE_EI_OD_PROPULSION_UE83103_P2PROPULS;PROJPROP
13996140;2223_INGE_EI_OD_PROPULSION_UE83103_PROMA;PROMA
13996189;2223_INGE_EI_OD_PROPULSION_UE83103_TFERO;TFERO
13995944;2223_INGE_EI_OD_PROPULSION_UE83103_TPPRO;TPPRO
13979170;2223_INGE_EI_OD_ROBOTIQUE_UE7393_COBSS;COBSS
13978959;2223_INGE_EI_OD_ROBOTIQUE_UE7393_MOROB;MOROB
13979099;2223_INGE_EI_OD_ROBOTIQUE_UE7393_PROAV;PROAV
13979029;2223_INGE_EI_OD_ROBOTIQUE_UE7393_VIROB;VIROB
13986370;2223_INGE_EI_OD_ROBOTIQUE_UE7494_COROB;COROB
13986445;2223_INGE_EI_OD_ROBOTIQUE_UE7494_MIDWA;MIDWA
13986563;2223_INGE_EI_OD_ROBOTIQUE_UE7494_RASOM;RASOM
13986635;2223_INGE_EI_OD_ROBOTIQUE_UE7494_VETIN;VETIN
13996269;2223_INGE_EI_OD_ROBOTIQUE_UE83103_COMRO;COMRO
13996531;2223_INGE_EI_OD_ROBOTIQUE_UE83103_INTEG;INTEG
13996340;2223_INGE_EI_OD_ROBOTIQUE_UE83103_P2ROBOTIQUE;PROJROBO
13996460;2223_INGE_EI_OD_ROBOTIQUE_UE83103_PLANI;PLANI
13996388;2223_INGE_EI_OD_ROBOTIQUE_UE83103_ROPAH;ROPAH
13979467;2223_INGE_EI_OD_RV_UE7393_CPLUS;CPLUS
13979343;2223_INGE_EI_OD_RV_UE7393_FONRV;FONRV
13979395;2223_INGE_EI_OD_RV_UE7393_IMAGRV;IMAGRV
13979268;2223_INGE_EI_OD_RV_UE7393_MODRV;MODRV
13986737;2223_INGE_EI_OD_RV_UE7494_INTER;INTER
13986858;2223_INGE_EI_OD_RV_UE7494_MEDEV;MEDEV
13986785;2223_INGE_EI_OD_RV_UE7494_VISUS;VISUS
13986958;2223_INGE_EI_OD_RV_UE7494_VSION;VSION
13996711;2223_INGE_EI_OD_RV_UE83103_COARV;COARV
13996663;2223_INGE_EI_OD_RV_UE83103_COLLI;COLLI
13996759;2223_INGE_EI_OD_RV_UE83103_CONFS;CONFS
13996810;2223_INGE_EI_OD_RV_UE83103_P2RV;PROJRV
13996613;2223_INGE_EI_OD_RV_UE83103_TPRV;TPRV
14167515;2223_INGE_EI_OD_SANTINNO_UE7393_IMPEDANCE;IMPEDANCE
14167609;2223_INGE_EI_OD_SANTINNO_UE7393_MANAPROJ;MANAPROJ
14167355;2223_INGE_EI_OD_SANTINNO_UE7393_SANTE;EXPERTSANTE
14167766;2223_INGE_EI_OD_SANTINNO_UE7494_DEVMEP;DEVMEP
14167701;2223_INGE_EI_OD_SANTINNO_UE7494_PROTO;PROTO
14168058;2223_INGE_EI_OD_SANTINNO_UE83103_EXPERT;EXPERT
14168099;2223_INGE_EI_OD_SANTINNO_UE83103_PROJET3;PROJSANT
14165831;2223_INGE_EI_OD_SMARTLOC_UE7393_MANAPROJ;MANAPROJ
14165537;2223_INGE_EI_OD_SMARTLOC_UE7494_ANDROID;ANDROID
14165510;2223_INGE_EI_OD_SMARTLOC_UE7494_MLOC;MLOC
0;2223_INGE_EI_OD_SMARTLOC_UE7494_MODIA;MODIA
14165694;2223_INGE_EI_OD_SMARTLOC_UE83103_EXPERT;EXPERT
14165652;2223_INGE_EI_OD_SMARTLOC_UE83103_PROJET3;SMARTLOC
13988915;2223_INGE_EI_S10_UE101_BLOC_LVC_ALLEM;ALLS10
13988970;2223_INGE_EI_S10_UE101_BLOC_LVC_CHINO;CHIS10
13989020;2223_INGE_EI_S10_UE101_BLOC_LVC_ENGLI;ANGS10
13989071;2223_INGE_EI_S10_UE101_BLOC_LVC_ESPAG;ESPS10
13989125;2223_INGE_EI_S10_UE101_BLOC_LVC_ITALI;ITAS10
13989175;2223_INGE_EI_S10_UE101_BLOC_LVC_JAPON;JAPS10
13989227;2223_INGE_EI_S10_UE101_BLOC_LVC_RUSSE;RUSS10
13988792;2223_INGE_EI_S10_UE101_BLOC_LVO_ENGLI;ENGS10
13988849;2223_INGE_EI_S10_UE101_BLOC_LVO_FLE;FLES10
13989422;2223_INGE_EI_S10_UE101_EPS;EPSS810
13989547;2223_INGE_EI_S10_UE102_OP_DISRUPT;DISRUPT
13989609;2223_INGE_EI_S10_UE102_OP_DPP_DPROJ2;DPROJ2
13989715;2223_INGE_EI_S10_UE102_OP_ENTRE_ENTRES10;ENTRES10
13989669;2223_INGE_EI_S10_UE102_OP_ENTRE_PROJE;PROJE
13989780;2223_INGE_EI_S10_UE102_OP_FINANCE_FINANS10;FINANS10
13989828;2223_INGE_EI_S10_UE102_OP_FINANCE_PROJFINAN;PROFINAN
13989892;2223_INGE_EI_S10_UE102_OP_IECO_IECO2;IECO
13989937;2223_INGE_EI_S10_UE102_OP_IECO_PRTECO2;PRTECO
13990024;2223_INGE_EI_S10_UE102_OP_IGSANTE_INGES;INGES
13990073;2223_INGE_EI_S10_UE102_OP_IGSANTE_PROSAN;PROSAN
13990139;2223_INGE_EI_S10_UE102_OP_INGAFF_IADRO;IADRO
13990187;2223_INGE_EI_S10_UE102_OP_INGAFF_IAPRO;IAPRO
13990252;2223_INGE_EI_S10_UE102_OP_INPACT_INPACTS10;INPACTS10
13990298;2223_INGE_EI_S10_UE102_OP_INPACT_PRINPACT;PRINPACT
13990363;2223_INGE_EI_S10_UE102_OP_MLC_HUMANS10;HUMANS10
13990408;2223_INGE_EI_S10_UE102_OP_MLC_PRMLC2;PRMLC
13990582;2223_INGE_EI_S10_UE102_OP_REDEV_METMET;METMET
13990536;2223_INGE_EI_S10_UE102_OP_REDEV_PRORD2;PRORD
13990695;2223_INGE_EI_S10_UE102_OP_SCIMUS_ACMUS;ACMUS
13990649;2223_INGE_EI_S10_UE102_OP_SCIMUS_PROMU;PROMU
13857699;2223_INGE_EI_S5_PROMO_A_UE53_MEMCO;MeMCo_S5
13857893;2223_INGE_EI_S5_PROMO_A_UE54_CODEP;CODEP_S5
13857984;2223_INGE_EI_S5_PROMO_A_UE54_ENCLI;ENCLI_S5
13858532;2223_INGE_EI_S5_PROMO_A_UE55_FLUID;FLUID_S5
13859425;2223_INGE_EI_S5_PROMO_B_UE53_MATHS;MATHS_S5
13859578;2223_INGE_EI_S5_PROMO_B_UE54_CCUBE;CCUBE_S5
13859919;2223_INGE_EI_S5_PROMO_B_UE55_ALGPR;ALGPR_S5
13960361;2223_INGE_EI_S5_SOFTSKILLS_SE_IAM20;IAM20_S5
15066707;2223_INGE_EI_S5_SOFTSKILLS_SE_IAM21;IAM21_S5
13960402;2223_INGE_EI_S5_SOFTSKILLS_SE_IAM50;IAM50_S5
13960479;2223_INGE_EI_S5_SOFTSKILLS_SE_INOV14;INOV14_S5
13960518;2223_INGE_EI_S5_SOFTSKILLS_SE_INOV20;INOV20_S5
13960557;2223_INGE_EI_S5_SOFTSKILLS_SE_INOV29;INOV29_S5
13960597;2223_INGE_EI_S5_SOFTSKILLS_SE_OSO10;OSO10_S5
13960637;2223_INGE_EI_S5_SOFTSKILLS_SE_OSO12;OSO12_S5
13960676;2223_INGE_EI_S5_SOFTSKILLS_SE_OSO14;OSO14_S5
13960715;2223_INGE_EI_S5_SOFTSKILLS_SE_OSO34;OSO34_S5
13960753;2223_INGE_EI_S5_SOFTSKILLS_SE_PRO10;PRO10_S5
13960824;2223_INGE_EI_S5_SOFTSKILLS_SE_PRO20;PRO20_S5
13960441;2223_INGE_EI_S5_SOFTSKILLS_SE_PRO51;PRO51_S5
13960904;2223_INGE_EI_S5_SOFTSKILLS_SH_ENG02;ENG02_S5
13960949;2223_INGE_EI_S5_SOFTSKILLS_SH_GEO03;GEO03_S5
13961039;2223_INGE_EI_S5_SOFTSKILLS_SH_GEO11;GEO11_S5
13960994;2223_INGE_EI_S5_SOFTSKILLS_SH_GEO12;GEO12_S5
13961084;2223_INGE_EI_S5_SOFTSKILLS_SH_NUMCIV01;NUMCIV01_S5
13961130;2223_INGE_EI_S5_SOFTSKILLS_SH_PHI01;PHI01_S5
13856961;2223_INGE_EI_S5_UE51_BLOC_LVC_ALLEM;ALLS5
13857015;2223_INGE_EI_S5_UE51_BLOC_LVC_CHINO;CHIS5
13857066;2223_INGE_EI_S5_UE51_BLOC_LVC_ENGLI;ANGS5
13857118;2223_INGE_EI_S5_UE51_BLOC_LVC_ESPAG;ESPS5
13857173;2223_INGE_EI_S5_UE51_BLOC_LVC_ITALI;ITAS5
13857224;2223_INGE_EI_S5_UE51_BLOC_LVC_JAPON;JAPS5
13857277;2223_INGE_EI_S5_UE51_BLOC_LVC_RUSSE;RUSS5
13856836;2223_INGE_EI_S5_UE51_BLOC_LVO_ENGLI;ENGS5
13856891;2223_INGE_EI_S5_UE51_BLOC_LVO_FLE;FLES5
13857473;2223_INGE_EI_S5_UE51_EPS;EPSS5
13858586;2223_INGE_EI_S5_UE55_BIOLO;BIOLO_S5
13858756;2223_INGE_EI_S5_UE55_ENERG;ENERG_S5
13858889;2223_INGE_EI_S5_UE55_GPROD;GPROD_S5
13859018;2223_INGE_EI_S5_UE55_MATER;MATER_S5
13859141;2223_INGE_EI_S5_UE55_SELEC;SELEC_S5
13859281;2223_INGE_EI_S5_UE55_SSTEM;SSTEM_S5
13863689;2223_INGE_EI_S5_UE56_DEARC;DEARC_S5
13864599;2223_INGE_EI_S6_PROMO_A_UE63_MATHS;MATHS_S6
13864752;2223_INGE_EI_S6_PROMO_A_UE64_CCUBE;CCUBE_S6
13865114;2223_INGE_EI_S6_PROMO_A_UE65_ALGPR;ALGPR_S6
13865238;2223_INGE_EI_S6_PROMO_B_UE63_MEMCO;MeMCo_S6
13865426;2223_INGE_EI_S6_PROMO_B_UE64_CODEP;CODEP_S6
13865510;2223_INGE_EI_S6_PROMO_B_UE64_ENCLI;ENCLI_S6
13865913;2223_INGE_EI_S6_PROMO_B_UE65_FLUID;FLUID_S6
13961304;2223_INGE_EI_S6_SOFTSKILLS_SE_IAM10;IAM10_S6
13961343;2223_INGE_EI_S6_SOFTSKILLS_SE_IAM20;IAM20_S6
13961381;2223_INGE_EI_S6_SOFTSKILLS_SE_INOV14;INOV14_S6
13961420;2223_INGE_EI_S6_SOFTSKILLS_SE_INOV22;INOV22_S6
13961458;2223_INGE_EI_S6_SOFTSKILLS_SE_INOV27;INOV27_S6
13961496;2223_INGE_EI_S6_SOFTSKILLS_SE_OSO10;OSO10_S6
13961536;2223_INGE_EI_S6_SOFTSKILLS_SE_OSO21;OSO21_S6
13961579;2223_INGE_EI_S6_SOFTSKILLS_SE_OSO34;OSO34_S6
13961619;2223_INGE_EI_S6_SOFTSKILLS_SE_OSO41;OSO41_S6
13961659;2223_INGE_EI_S6_SOFTSKILLS_SE_P2E;P2E_S6
13961721;2223_INGE_EI_S6_SOFTSKILLS_SE_PRO10;PRO10_S6
13961792;2223_INGE_EI_S6_SOFTSKILLS_SE_PRO21;PRO21_S6
13961832;2223_INGE_EI_S6_SOFTSKILLS_SE_PRO23;PRO23_S6
13961870;2223_INGE_EI_S6_SOFTSKILLS_SH_ANA01;ANA01_S6
13961917;2223_INGE_EI_S6_SOFTSKILLS_SH_ARCHEO01;ARCHEO01_S6
15066853;2223_INGE_EI_S6_SOFTSKILLS_SH_ARTECO01;ARTECO01_S6
13961964;2223_INGE_EI_S6_SOFTSKILLS_SH_ENG01;ENG01_S6
13962010;2223_INGE_EI_S6_SOFTSKILLS_SH_HST03;HST03_S6
13962056;2223_INGE_EI_S6_SOFTSKILLS_SH_PSO02;PSO02_S6
13863907;2223_INGE_EI_S6_UE61_BLOC_LVC_ALLEM;ALLS6
13863962;2223_INGE_EI_S6_UE61_BLOC_LVC_CHINO;CHIS6
13864013;2223_INGE_EI_S6_UE61_BLOC_LVC_ENGLI;ANGS6
13864065;2223_INGE_EI_S6_UE61_BLOC_LVC_ESPAG;ESPS6
13864120;2223_INGE_EI_S6_UE61_BLOC_LVC_ITALI;ITAS6
13864171;2223_INGE_EI_S6_UE61_BLOC_LVC_JAPON;JAPS6
13864224;2223_INGE_EI_S6_UE61_BLOC_LVC_RUSSE;RUSS6
13863782;2223_INGE_EI_S6_UE61_BLOC_LVO_ENGLI;ENGS6
13863838;2223_INGE_EI_S6_UE61_BLOC_LVO_FLE;FLES6
13864420;2223_INGE_EI_S6_UE61_EPS;EPSS6
13858629;2223_INGE_EI_S6_UE65_BIOLO;BIOLO_S6
13858790;2223_INGE_EI_S6_UE65_ENERG;ENERG_S6
13858918;2223_INGE_EI_S6_UE65_GPROD;GPROD_S6
13859044;2223_INGE_EI_S6_UE65_MATER;MATER_S6
13859175;2223_INGE_EI_S6_UE65_SELEC;SELEC_S6
13859310;2223_INGE_EI_S6_UE65_SSTEM;SSTEM_S6
13865170;2223_INGE_EI_S6_UE66_EVEILARCHI;ENSA
13943792;2223_INGE_EI_S7_FAST_TRACK_UE71_EPS;FASTTRACK_EPS_S7
13943840;2223_INGE_EI_S7_FAST_TRACK_UE71_FL2;FASTTRACK_FL2_S7
13943897;2223_INGE_EI_S7_FAST_TRACK_UE71_FLE;FASTTRACK_FLE_S7
13944137;2223_INGE_EI_S7_FAST_TRACK_UE72_ALGPR;FASTTRACK_ALGPR_S7
13944035;2223_INGE_EI_S7_FAST_TRACK_UE72_OFM;FASTTRACK_OFM_S7
13944206;2223_INGE_EI_S7_FAST_TRACK_UE73_FINEL;FASTTRACK_FINEL_S7
13944286;2223_INGE_EI_S7_FAST_TRACK_UE73_MATH1;FASTTRACK_MATH1_S7
13944334;2223_INGE_EI_S7_FAST_TRACK_UE73_SNS;FASTTRACK_SNS_S7
13944541;2223_INGE_EI_S7_FAST_TRACK_UE74_CIVEN;FASTTRACK_CIVEN_S7
13944622;2223_INGE_EI_S7_FAST_TRACK_UE74_ENERG;FASTTRACK_ENERG_S7
13944669;2223_INGE_EI_S7_FAST_TRACK_UE74_ROBOT;FASTTRACK_ROBOT_S7
13958459;2223_INGE_EI_S7_FI_UE71_BLOC_LVC_ALLEM;ALLS7
13958514;2223_INGE_EI_S7_FI_UE71_BLOC_LVC_CHINO;CHIS7
13958564;2223_INGE_EI_S7_FI_UE71_BLOC_LVC_ENGLI;ANGS7
13958618;2223_INGE_EI_S7_FI_UE71_BLOC_LVC_ESPAG;ESPS7
13958672;2223_INGE_EI_S7_FI_UE71_BLOC_LVC_ITALI;ITAS7
13958723;2223_INGE_EI_S7_FI_UE71_BLOC_LVC_JAPON;JAPS7
13958776;2223_INGE_EI_S7_FI_UE71_BLOC_LVC_RUSSE;RUSS7
13958337;2223_INGE_EI_S7_FI_UE71_BLOC_LVO_ENGLI;ENGS7
13958394;2223_INGE_EI_S7_FI_UE71_BLOC_LVO_FLE;FLES7
13958971;2223_INGE_EI_S7_FI_UE71_EPS;EPSS79
13959130;2223_INGE_EI_S7_FI_UE75_PROAR;PROAR
13962195;2223_INGE_EI_S7_SOFTSKILLS_SE_IAM11;IAM11_S7
13962233;2223_INGE_EI_S7_SOFTSKILLS_SE_IAM40;IAM40_S7
13962347;2223_INGE_EI_S7_SOFTSKILLS_SE_INOV21;INOV21_S7
13962386;2223_INGE_EI_S7_SOFTSKILLS_SE_INOV23;INOV23_S7
13962462;2223_INGE_EI_S7_SOFTSKILLS_SE_INOV26;INOV26_S7
13962500;2223_INGE_EI_S7_SOFTSKILLS_SE_INOV32;INOV32_S7
13962538;2223_INGE_EI_S7_SOFTSKILLS_SE_OSO11;OSO11_S7
13962578;2223_INGE_EI_S7_SOFTSKILLS_SE_OSO13;OSO13_S7
13962653;2223_INGE_EI_S7_SOFTSKILLS_SE_OSO21;OSO21_S7
13962696;2223_INGE_EI_S7_SOFTSKILLS_SE_OSO22;OSO22_S7
13962736;2223_INGE_EI_S7_SOFTSKILLS_SE_OSO32;OSO32_S7
13962775;2223_INGE_EI_S7_SOFTSKILLS_SE_OSO33;OSO33_S7
13962616;2223_INGE_EI_S7_SOFTSKILLS_SE_OSO42;OSO42_S7
15066992;2223_INGE_EI_S7_SOFTSKILLS_SE_PRO21;PRO21_S7
13962812;2223_INGE_EI_S7_SOFTSKILLS_SE_PRO30;PRO30_S7
13962850;2223_INGE_EI_S7_SOFTSKILLS_SE_PRO31;PRO31_S7
13962888;2223_INGE_EI_S7_SOFTSKILLS_SE_PRO33;PRO33_S7
13962927;2223_INGE_EI_S7_SOFTSKILLS_SE_PRO34;PRO34_S7
13962965;2223_INGE_EI_S7_SOFTSKILLS_SE_PRO40;PRO40_S7
13962309;2223_INGE_EI_S7_SOFTSKILLS_SE_PRO50;PRO50_S7
13962424;2223_INGE_EI_S7_SOFTSKILLS_SE_PRO52;PRO52_S7
13944864;2223_INGE_EI_S8_FAST_TRACK_UE81_EPS;FASTTRACK_EPS_S8
13944912;2223_INGE_EI_S8_FAST_TRACK_UE81_FL2;FASTTRACK_FL2_S8
13944969;2223_INGE_EI_S8_FAST_TRACK_UE81_FLE;FASTTRACK_FLE_S8
13945176;2223_INGE_EI_S8_FAST_TRACK_UE82_MANAG;FASTTRACK_MANAG_S8
13945246;2223_INGE_EI_S8_FAST_TRACK_UE82_STFT;FASTTRACK_STFT_S8
13945107;2223_INGE_EI_S8_FAST_TRACK_UE82_STRENI;FASTTRACK_STRENI_S8
13945495;2223_INGE_EI_S8_FAST_TRACK_UE83_BDD;FASTTRACK_BDD_S8
13945449;2223_INGE_EI_S8_FAST_TRACK_UE83_DATA;FASTTRACK_DATA_S8
13945401;2223_INGE_EI_S8_FAST_TRACK_UE83_MATH2;FASTTRACK_MATH2_S8
13945730;2223_INGE_EI_S8_FAST_TRACK_UE84_BIOMEDIC;FASTTRACK_BIOMEDIC_S8
13945661;2223_INGE_EI_S8_FAST_TRACK_UE84_FM;FASTTRACK_FM_S8
13959372;2223_INGE_EI_S8_FI_UE81_BLOC_LVC_ALLEM;ALLS8
13959427;2223_INGE_EI_S8_FI_UE81_BLOC_LVC_CHINO;CHIS8
13959477;2223_INGE_EI_S8_FI_UE81_BLOC_LVC_ENGLI;ANGS8
13959528;2223_INGE_EI_S8_FI_UE81_BLOC_LVC_ESPAG;ESPS8
13959582;2223_INGE_EI_S8_FI_UE81_BLOC_LVC_ITALI;ITAS8
13959633;2223_INGE_EI_S8_FI_UE81_BLOC_LVC_JAPON;JAPS8
13959685;2223_INGE_EI_S8_FI_UE81_BLOC_LVC_RUSSE;RUSS8
13959251;2223_INGE_EI_S8_FI_UE81_BLOC_LVO_ENGLI;ENGS8
13959308;2223_INGE_EI_S8_FI_UE81_BLOC_LVO_FLE;FLES8
13959880;2223_INGE_EI_S8_FI_UE81_EPS;EPSS810
13972034;2223_INGE_EI_S9_UE91_BLOC_LVC_ALLEM;ALLS9
13972091;2223_INGE_EI_S9_UE91_BLOC_LVC_CHINO;CHIS9
13972143;2223_INGE_EI_S9_UE91_BLOC_LVC_ENGLI;ANGS9
13972194;2223_INGE_EI_S9_UE91_BLOC_LVC_ESPAG;ESPS9
13972248;2223_INGE_EI_S9_UE91_BLOC_LVC_ITALI;ITAS9
13972299;2223_INGE_EI_S9_UE91_BLOC_LVC_JAPON;JAPS9
13972352;2223_INGE_EI_S9_UE91_BLOC_LVC_RUSSE;RUSS9
13971910;2223_INGE_EI_S9_UE91_BLOC_LVO_ENGLI;ENGS9
13971967;2223_INGE_EI_S9_UE91_BLOC_LVO_FLE;FLES9
13972547;2223_INGE_EI_S9_UE91_EPS;EPSS79
13972797;2223_INGE_EI_S9_UE92_OP_ENTRE_ENTRES9;ENTRES9
13972863;2223_INGE_EI_S9_UE92_OP_FINANCE_FINANS9;FINANS9
13972975;2223_INGE_EI_S9_UE92_OP_IECO_IECO1;IECO
13973116;2223_INGE_EI_S9_UE92_OP_IGSANTE_INGHOSP;INGHOSP
13973068;2223_INGE_EI_S9_UE92_OP_IGSANTE_SANTE;SANTE
13973229;2223_INGE_EI_S9_UE92_OP_INGAFF_IAFIN;IAFIN
13973182;2223_INGE_EI_S9_UE92_OP_INGAFF_IAMAR;IAMAR
13973293;2223_INGE_EI_S9_UE92_OP_INPACT_INPACTS9;INPACTS9
13973400;2223_INGE_EI_S9_UE92_OP_MLC_HUMANS9;HUMANS9
13973529;2223_INGE_EI_S9_UE92_OP_REDEV_PROINNOV;PROINNOV
13973639;2223_INGE_EI_S9_UE92_OP_SCIMUS_ACSIP;ACSIP
13973707;2223_INGE_EI_S9_UE92_OP_SCIMUS_MUNUM;MUNUM
